Workbook

Sheet Dashboard
A1: Leave Forms Revamp — Frontend Leader Tracker
A2: Development started 2026-07-21. Commitment: DEVELOPMENT complete by 2026-08-31 (end of August). Testing & documentation are AFTER development (dates TBD).
A3: Backend Integration is listed separately — schedule depends on the backend partner. No separate login page (portal cookies/session). Days = weekdays only when both dates are set.
A4: Last aligned to codebase: 2026-07-29 — all employee, approver/team, and admin screens now have real UI with mock data; 2 minor report sub-pages still placeholders; cookie/session and live API not wired yet.
A5: Scoring for Progress % / Overall %: Completed = 100% | In Progress = 50% | Not Started / Blocked = 0% · Overall % = average of ALL task Progress % (not average of section %)
A6: Overall % | C6: Completed (=100%) | E6: In Progress (=50%) | G6: Not Started (=0%)
A7: =IF(COUNTA('Progress Tracker'!F:F)<=1,0,AVERAGE('Progress Tracker'!G:G)) | C7: =COUNTIF('Progress Tracker'!F:F,"Completed") | E7: =COUNTIF('Progress Tracker'!F:F,"In Progress") | G7: =COUNTIF('Progress Tracker'!F:F,"Not Started")
A9: Section | B9: Tasks | C9: Completed | D9: In Progress | E9: Not Started | F9: Blocked | G9: Progress %
A10: 1. Project Setup | B10: =COUNTIF('Progress Tracker'!A:A,A10) | C10: =COUNTIFS('Progress Tracker'!A:A,A10,'Progress Tracker'!F:F,"Completed") | D10: =COUNTIFS('Progress Tracker'!A:A,A10,'Progress Tracker'!F:F,"In Progress") | E10: =COUNTIFS('Progress Tracker'!A:A,A10,'Progress Tracker'!F:F,"Not Started") | F10: =COUNTIFS('Progress Tracker'!A:A,A10,'Progress Tracker'!F:F,"Blocked") | G10: =IF(B10=0,0,(C10+0.5*D10)/B10)
A11: 2. Core App Shell | B11: =COUNTIF('Progress Tracker'!A:A,A11) | C11: =COUNTIFS('Progress Tracker'!A:A,A11,'Progress Tracker'!F:F,"Completed") | D11: =COUNTIFS('Progress Tracker'!A:A,A11,'Progress Tracker'!F:F,"In Progress") | E11: =COUNTIFS('Progress Tracker'!A:A,A11,'Progress Tracker'!F:F,"Not Started") | F11: =COUNTIFS('Progress Tracker'!A:A,A11,'Progress Tracker'!F:F,"Blocked") | G11: =IF(B11=0,0,(C11+0.5*D11)/B11)
A12: 3. Employee Features | B12: =COUNTIF('Progress Tracker'!A:A,A12) | C12: =COUNTIFS('Progress Tracker'!A:A,A12,'Progress Tracker'!F:F,"Completed") | D12: =COUNTIFS('Progress Tracker'!A:A,A12,'Progress Tracker'!F:F,"In Progress") | E12: =COUNTIFS('Progress Tracker'!A:A,A12,'Progress Tracker'!F:F,"Not Started") | F12: =COUNTIFS('Progress Tracker'!A:A,A12,'Progress Tracker'!F:F,"Blocked") | G12: =IF(B12=0,0,(C12+0.5*D12)/B12)
A13: 4. Approver / Team Features | B13: =COUNTIF('Progress Tracker'!A:A,A13) | C13: =COUNTIFS('Progress Tracker'!A:A,A13,'Progress Tracker'!F:F,"Completed") | D13: =COUNTIFS('Progress Tracker'!A:A,A13,'Progress Tracker'!F:F,"In Progress") | E13: =COUNTIFS('Progress Tracker'!A:A,A13,'Progress Tracker'!F:F,"Not Started") | F13: =COUNTIFS('Progress Tracker'!A:A,A13,'Progress Tracker'!F:F,"Blocked") | G13: =IF(B13=0,0,(C13+0.5*D13)/B13)
A14: 5. Admin Features | B14: =COUNTIF('Progress Tracker'!A:A,A14) | C14: =COUNTIFS('Progress Tracker'!A:A,A14,'Progress Tracker'!F:F,"Completed") | D14: =COUNTIFS('Progress Tracker'!A:A,A14,'Progress Tracker'!F:F,"In Progress") | E14: =COUNTIFS('Progress Tracker'!A:A,A14,'Progress Tracker'!F:F,"Not Started") | F14: =COUNTIFS('Progress Tracker'!A:A,A14,'Progress Tracker'!F:F,"Blocked") | G14: =IF(B14=0,0,(C14+0.5*D14)/B14)
A15: 6. Backend Integration (TBD) | B15: =COUNTIF('Progress Tracker'!A:A,A15) | C15: =COUNTIFS('Progress Tracker'!A:A,A15,'Progress Tracker'!F:F,"Completed") | D15: =COUNTIFS('Progress Tracker'!A:A,A15,'Progress Tracker'!F:F,"In Progress") | E15: =COUNTIFS('Progress Tracker'!A:A,A15,'Progress Tracker'!F:F,"Not Started") | F15: =COUNTIFS('Progress Tracker'!A:A,A15,'Progress Tracker'!F:F,"Blocked") | G15: =IF(B15=0,0,(C15+0.5*D15)/B15)
A16: 7. Testing (after development) | B16: =COUNTIF('Progress Tracker'!A:A,A16) | C16: =COUNTIFS('Progress Tracker'!A:A,A16,'Progress Tracker'!F:F,"Completed") | D16: =COUNTIFS('Progress Tracker'!A:A,A16,'Progress Tracker'!F:F,"In Progress") | E16: =COUNTIFS('Progress Tracker'!A:A,A16,'Progress Tracker'!F:F,"Not Started") | F16: =COUNTIFS('Progress Tracker'!A:A,A16,'Progress Tracker'!F:F,"Blocked") | G16: =IF(B16=0,0,(C16+0.5*D16)/B16)
A17: 8. Documentation (after development) | B17: =COUNTIF('Progress Tracker'!A:A,A17) | C17: =COUNTIFS('Progress Tracker'!A:A,A17,'Progress Tracker'!F:F,"Completed") | D17: =COUNTIFS('Progress Tracker'!A:A,A17,'Progress Tracker'!F:F,"In Progress") | E17: =COUNTIFS('Progress Tracker'!A:A,A17,'Progress Tracker'!F:F,"Not Started") | F17: =COUNTIFS('Progress Tracker'!A:A,A17,'Progress Tracker'!F:F,"Blocked") | G17: =IF(B17=0,0,(C17+0.5*D17)/B17)
A19: Development progress (sections 1–5 only) | B19: =IF(SUM(B10:B14)=0,0,SUMPRODUCT(B10:B14,G10:G14)/SUM(B10:B14))

Sheet Tentative Schedule
A1: Tentative Schedule — Frontend development (to end of August 2026)
A2: Started 2026-07-21. August commitment = DEVELOPMENT only (through 2026-08-31). Backend integration dates TBD. Testing & documentation after development.
A4: Phase | B4: Start Date | C4: End Date | D4: Days (weekdays) | E4: Focus | F4: Weekly Date
A5: Phase 1 — Foundation (development) | B5: 46224 | C5: 46233 | D5: =NETWORKDAYS(B5,C5) | E5: Project setup, layout, menus, reusable UI. | F5: =B5+MOD(5-WEEKDAY(B5,2),7)
A6: Phase 2 — Employee features (development) | B6: 46231 | C6: 46247 | D6: =NETWORKDAYS(B6,C6) | E6: Dashboard, file leave, request details, history, edit, and cancel. | F6: =B6+MOD(5-WEEKDAY(B6,2),7)
A7: Phase 3 — Approver / team (development) | B7: 46245 | C7: 46255 | D7: =NETWORKDAYS(B7,C7) | E7: Approvals inbox, approve/reject, file for member, team calendar. | F7: =B7+MOD(5-WEEKDAY(B7,2),7)
A8: Phase 4 — Admin features (development) | B8: 46252 | C8: 46262 | D8: =NETWORKDAYS(B8,C8) | E8: Admin requests, conversion review, balances, logs, and reports. | F8: =B8+MOD(5-WEEKDAY(B8,2),7)
A9: Phase 5 — Development complete (commitment) | B9: 46262 | C9: 46265 | D9: =NETWORKDAYS(B9,C9) | E9: Frontend development screens targeted complete. End of August = development only. | F9: =B9+MOD(5-WEEKDAY(B9,2),7)
A12: After / alongside development (no fixed end dates yet)
A13: Item | B13: Notes
A14: Backend integration (parallel / TBD) | B14: Ongoing with backend partner — no fixed day count yet. Update when APIs and cookie/session are ready.
A15: Testing (after development) | B15: Planned to start on/after 2026-09-01. End date TBD.
A16: Documentation (after development) | B16: Planned to start on/after 2026-09-01. End date TBD.
A19: Key milestones (development)
A20: Milestone | B20: Target Date | C20: Weekly Date | D20: Related section
A21: App shell & menus ready (dev kickoff) | B21: 46225 | C21: =B21+MOD(5-WEEKDAY(B21,2),7) | D21: 2. Core App Shell
A22: Reusable UI + employee screens underway | B22: 46234 | C22: =B22+MOD(5-WEEKDAY(B22,2),7) | D22: 2–3
A23: Employee filing & history usable (UI) | B23: 46247 | C23: =B23+MOD(5-WEEKDAY(B23,2),7) | D23: 3. Employee Features
A24: Approver approve/reject usable (UI) | B24: 46252 | C24: =B24+MOD(5-WEEKDAY(B24,2),7) | D24: 4. Approver / Team
A25: Admin screens usable (UI) | B25: 46262 | C25: =B25+MOD(5-WEEKDAY(B25,2),7) | D25: 5. Admin Features
A26: Development complete (August commitment) | B26: 46265 | C26: =B26+MOD(5-WEEKDAY(B26,2),7) | D26: Sections 1–5
A29: Weekly checkpoints (Fridays) — development
A30: Week ending (Friday) | B30: What leaders should expect to see
A31: 46227 | B31: Kickoff: layout/menus; align cookie/session & API approach with backend
A32: 46234 | B32: Reusable UI started; employee screens beginning
A33: 46241 | B33: Employee dashboard and file-leave UI in progress
A34: 46248 | B34: Employee UI largely complete; approver screens started
A35: 46255 | B35: Approver UI in place; admin screens underway
A36: 46262 | B36: Admin UI in progress / wrapping up
A37: 46265 | B37: Target: frontend DEVELOPMENT complete (not testing/docs)

Sheet Progress Tracker
A1: Section | B1: Task | C1: Start Date | D1: End Date | E1: Days (weekdays) | F1: Status | G1: Progress % | H1: Weekly Date | I1: Notes
A2: 1. Project Setup | B2: Set up frontend project (React, TypeScript, styling tools) | C2: 46224 | D2: 46224 | E2: =IF(OR(C2="",D2=""),"",NETWORKDAYS(C2,D2)) | F2: Completed | G2: =IF(F2="Completed",1,IF(F2="In Progress",0.5,0)) | H2: =IF(C2="","",C2+MOD(5-WEEKDAY(C2,2),7))
A3: 1. Project Setup | B3: Apply brand colors, fonts, and base page styles | C3: 46224 | D3: 46225 | E3: =IF(OR(C3="",D3=""),"",NETWORKDAYS(C3,D3)) | F3: Completed | G3: =IF(F3="Completed",1,IF(F3="In Progress",0.5,0)) | H3: =IF(C3="","",C3+MOD(5-WEEKDAY(C3,2),7))
A4: 1. Project Setup | B4: Define page routes for Employee, Approver, and Admin areas | C4: 46224 | D4: 46225 | E4: =IF(OR(C4="",D4=""),"",NETWORKDAYS(C4,D4)) | F4: Completed | G4: =IF(F4="Completed",1,IF(F4="In Progress",0.5,0)) | H4: =IF(C4="","",C4+MOD(5-WEEKDAY(C4,2),7))
A5: 2. Core App Shell | B5: Build main app layout (sidebar menu and top header) | C5: 46224 | D5: 46225 | E5: =IF(OR(C5="",D5=""),"",NETWORKDAYS(C5,D5)) | F5: Completed | G5: =IF(F5="Completed",1,IF(F5="In Progress",0.5,0)) | H5: =IF(C5="","",C5+MOD(5-WEEKDAY(C5,2),7))
A6: 2. Core App Shell | B6: Show different menus based on user role (Employee / Approver / Admin) | C6: 46224 | D6: 46225 | E6: =IF(OR(C6="",D6=""),"",NETWORKDAYS(C6,D6)) | F6: Completed | G6: =IF(F6="Completed",1,IF(F6="In Progress",0.5,0)) | H6: =IF(C6="","",C6+MOD(5-WEEKDAY(C6,2),7)) | I6: Role-based sidebar works. Dev-only role preview remains until portal cookies/session are wired.
A7: 2. Core App Shell | B7: Create reusable screen parts (buttons, forms, tables, status labels) | C7: 46225 | D7: 46232 | E7: =IF(OR(C7="",D7=""),"",NETWORKDAYS(C7,D7)) | F7: Completed | G7: =IF(F7="Completed",1,IF(F7="In Progress",0.5,0)) | H7: =IF(C7="","",C7+MOD(5-WEEKDAY(C7,2),7)) | I7: Built: StatusBadge, FilterSelect, Pagination, Button, Modal, ConfirmReasonModal, AttachmentPreviewModal, SuccessDialog, Skeleton, form fields, MonthYearPickerField, EmployeeMultiSelect, tableStyles, admin-specific components.
A8: 2. Core App Shell | B8: Replace temporary placeholder pages with real screens | C8: 46225 | D8: 46232 | E8: =IF(OR(C8="",D8=""),"",NETWORKDAYS(C8,D8)) | F8: Completed | G8: =IF(F8="Completed",1,IF(F8="In Progress",0.5,0)) | H8: =IF(C8="","",C8+MOD(5-WEEKDAY(C8,2),7)) | I8: All employee, approver/team, and admin routes now have real page components. No PagePlaceholder routes remain (only 2 minor sub-reports still placeholders).
A9: 3. Employee Features | B9: Employee dashboard: leave balances and recent requests | C9: 46225 | D9: 46225 | E9: =IF(OR(C9="",D9=""),"",NETWORKDAYS(C9,D9)) | F9: Completed | G9: =IF(F9="Completed",1,IF(F9="In Progress",0.5,0)) | H9: =IF(C9="","",C9+MOD(5-WEEKDAY(C9,2),7)) | I9: UI complete (balances, reserved credits, filters, pagination). Uses mock data until Backend Integration.
A10: 3. Employee Features | B10: File leave request (dates, leave type, reason, attachment) | C10: 46226 | D10: 46226 | E10: =IF(OR(C10="",D10=""),"",NETWORKDAYS(C10,D10)) | F10: Completed | G10: =IF(F10="Completed",1,IF(F10="In Progress",0.5,0)) | H10: =IF(C10="","",C10+MOD(5-WEEKDAY(C10,2),7)) | I10: Apply Leave page is built with employee info, leave type/day type, date range, reason, attachment rules, duration preview, confirm modal, and success dialog. Uses mock submit until Backend Integration.
A11: 3. Employee Features | B11: Show unpaid leave (LWOP) warning when credits are not enough | C11: 46226 | D11: 46226 | E11: =IF(OR(C11="",D11=""),"",NETWORKDAYS(C11,D11)) | F11: Completed | G11: =IF(F11="Completed",1,IF(F11="In Progress",0.5,0)) | H11: =IF(C11="","",C11+MOD(5-WEEKDAY(C11,2),7)) | I11: LWOP / remaining-balance warning is shown in filing forms using mock remaining-day logic.
A12: 3. Employee Features | B12: Leave request details: status, approvals needed, and activity history | C12: 46225 | D12: 46225 | E12: =IF(OR(C12="",D12=""),"",NETWORKDAYS(C12,D12)) | F12: Completed | G12: =IF(F12="Completed",1,IF(F12="In Progress",0.5,0)) | H12: =IF(C12="","",C12+MOD(5-WEEKDAY(C12,2),7)) | I12: UI complete: leave info, approval progress/requirements, approver list, attachments, conversion view. Mock data; activity timeline not a separate log yet.
A13: 3. Employee Features | B13: Activity log / leave history with filters | C13: 46226 | D13: 46226 | E13: =IF(OR(C13="",D13=""),"",NETWORKDAYS(C13,D13)) | F13: Completed | G13: =IF(F13="Completed",1,IF(F13="In Progress",0.5,0)) | H13: =IF(C13="","",C13+MOD(5-WEEKDAY(C13,2),7)) | I13: Activity Log page exists with filtering, sorting, pagination, and mock activity data.
A14: 3. Employee Features | B14: Edit leave request (only while still waiting for first approval) | C14: 46225 | D14: 46247 | E14: =IF(OR(C14="",D14=""),"",NETWORKDAYS(C14,D14)) | F14: Completed | G14: =IF(F14="Completed",1,IF(F14="In Progress",0.5,0)) | H14: =IF(C14="","",C14+MOD(5-WEEKDAY(C14,2),7)) | I14: Edit Leave page exists with date/day-type/reason editing, weekday duration recalculation, lead-time validation, confirm modal, and rules from details page. Uses mock save until Backend Integration.
A15: 3. Employee Features | B15: Cancel leave request (with required reason) | C15: 46225 | D15: 46247 | E15: =IF(OR(C15="",D15=""),"",NETWORKDAYS(C15,D15)) | F15: Completed | G15: =IF(F15="Completed",1,IF(F15="In Progress",0.5,0)) | H15: =IF(C15="","",C15+MOD(5-WEEKDAY(C15,2),7)) | I15: Cancel flow is present on details page with required-reason modal and success state. Uses mock action until Backend Integration.
A16: 3. Employee Features | B16: Request vacation-to-sick leave conversion (upload medical certificate) | C16: 46226 | D16: 46226 | E16: =IF(OR(C16="",D16=""),"",NETWORKDAYS(C16,D16)) | F16: Completed | G16: =IF(F16="Completed",1,IF(F16="In Progress",0.5,0)) | H16: =IF(C16="","",C16+MOD(5-WEEKDAY(C16,2),7)) | I16: Conversion page exists with reason + medical certificate upload, eligibility rules, confirm modal, and mock submission.
A17: 4. Approver / Team Features | B17: Approver inbox: list of leave requests waiting for action | C17: 46226 | D17: 46226 | E17: =IF(OR(C17="",D17=""),"",NETWORKDAYS(C17,D17)) | F17: Completed | G17: =IF(F17="Completed",1,IF(F17="In Progress",0.5,0)) | H17: =IF(C17="","",C17+MOD(5-WEEKDAY(C17,2),7)) | I17: Leave Approvals page exists with pending/all tabs, search, filters, sorting, pagination, and mock queue data.
... A27: 5. Admin Features | B27: Support other leave types (emergency, maternity, etc.) in the screens | C27: 46225 | D27: 46232 | E27: =IF(OR(C27="",D27=""),"",NETWORKDAYS(C27,D27)) | F27: Completed | G27: =IF(F27="Completed",1,IF(F27="In Progress",0.5,0)) | H27: =IF(C27="","",C27+MOD(5-WEEKDAY(C27,2),7)) | I27: Emergency, PTB, Maternity/Paternity handled in employee/team filing and in admin screens. Monthly attendance report covers all leave categories including LWOP.
A28: 6. Backend Integration (TBD) | B28: Connect frontend to backend API (base connection and shared data types) | C28: 46226 | E28: =IF(OR(C28="",D28=""),"",NETWORKDAYS(C28,D28)) | F28: Not Started | G28: =IF(F28="Completed",1,IF(F28="In Progress",0.5,0)) | H28: =IF(C28="","",C28+MOD(5-WEEKDAY(C28,2),7)) | I28: Duration TBD — frontend and backend work separately. Update Start/End when schedule is known.
A29: 6. Backend Integration (TBD) | B29: Use portal cookies / session to identify the user (no separate login page) | C29: 46226 | E29: =IF(OR(C29="",D29=""),"",NETWORKDAYS(C29,D29)) | F29: Not Started | G29: =IF(F29="Completed",1,IF(F29="In Progress",0.5,0)) | H29: =IF(C29="","",C29+MOD(5-WEEKDAY(C29,2),7)) | I29: Duration TBD — frontend and backend work separately. Update Start/End when schedule is known. Agreed with backend: cookies/session — no login screen.
A30: 6. Backend Integration (TBD) | B30: Connect employee leave screens to live API (file, history, cancel, edit) | E30: =IF(OR(C30="",D30=""),"",NETWORKDAYS(C30,D30)) | F30: Not Started | G30: =IF(F30="Completed",1,IF(F30="In Progress",0.5,0)) | H30: =IF(C30="","",C30+MOD(5-WEEKDAY(C30,2),7)) | I30: Duration TBD — frontend and backend work separately. Update Start/End when schedule is known.
A31: 6. Backend Integration (TBD) | B31: Connect approver / team screens to live API (inbox, approve, reject) | E31: =IF(OR(C31="",D31=""),"",NETWORKDAYS(C31,D31)) | F31: Not Started | G31: =IF(F31="Completed",1,IF(F31="In Progress",0.5,0)) | H31: =IF(C31="","",C31+MOD(5-WEEKDAY(C31,2),7)) | I31: Duration TBD — frontend and backend work separately. Update Start/End when schedule is known.
A32: 6. Backend Integration (TBD) | B32: Connect admin screens to live API (balances, conversion, reports) | E32: =IF(OR(C32="",D32=""),"",NETWORKDAYS(C32,D32)) | F32: Not Started | G32: =IF(F32="Completed",1,IF(F32="In Progress",0.5,0)) | H32: =IF(C32="","",C32+MOD(5-WEEKDAY(C32,2),7)) | I32: Duration TBD — frontend and backend work separately. Update Start/End when schedule is known.
A33: 6. Backend Integration (TBD) | B33: Joint frontend–backend smoke check once APIs are available | E33: =IF(OR(C33="",D33=""),"",NETWORKDAYS(C33,D33)) | F33: Not Started | G33: =IF(F33="Completed",1,IF(F33="In Progress",0.5,0)) | H33: =IF(C33="","",C33+MOD(5-WEEKDAY(C33,2),7)) | I33: Duration TBD — frontend and backend work separately. Update Start/End when schedule is known.
A34: 7. Testing (after development) | B34: Employee flow testing (file, edit, cancel, view history) | C34: 46266 | E34: =IF(OR(C34="",D34=""),"",NETWORKDAYS(C34,D34)) | F34: Not Started | G34: =IF(F34="Completed",1,IF(F34="In Progress",0.5,0)) | H34: =IF(C34="","",C34+MOD(5-WEEKDAY(C34,2),7)) | I34: Starts after development. End of August commitment covers development only — dates TBD.
A35: 7. Testing (after development) | B35: Approver flow testing (approve, reject, team views) | C35: 46266 | E35: =IF(OR(C35="",D35=""),"",NETWORKDAYS(C35,D35)) | F35: Not Started | G35: =IF(F35="Completed",1,IF(F35="In Progress",0.5,0)) | H35: =IF(C35="","",C35+MOD(5-WEEKDAY(C35,2),7)) | I35: Starts after development. End of August commitment covers development only — dates TBD.
A36: 7. Testing (after development) | B36: Admin flow testing (balances, conversion, reports) | C36: 46266 | E36: =IF(OR(C36="",D36=""),"",NETWORKDAYS(C36,D36)) | F36: Not Started | G36: =IF(F36="Completed",1,IF(F36="In Progress",0.5,0)) | H36: =IF(C36="","",C36+MOD(5-WEEKDAY(C36,2),7)) | I36: Starts after development. End of August commitment covers development only — dates TBD.
A37: 7. Testing (after development) | B37: Mobile / responsive check on common screens | C37: 46266 | E37: =IF(OR(C37="",D37=""),"",NETWORKDAYS(C37,D37)) | F37: Not Started | G37: =IF(F37="Completed",1,IF(F37="In Progress",0.5,0)) | H37: =IF(C37="","",C37+MOD(5-WEEKDAY(C37,2),7)) | I37: Starts after development. End of August commitment covers development only — dates TBD.
A38: 7. Testing (after development) | B38: Fix issues found during testing | C38: 46266 | E38: =IF(OR(C38="",D38=""),"",NETWORKDAYS(C38,D38)) | F38: Not Started | G38: =IF(F38="Completed",1,IF(F38="In Progress",0.5,0)) | H38: =IF(C38="","",C38+MOD(5-WEEKDAY(C38,2),7)) | I38: Starts after development. End of August commitment covers development only — dates TBD.
A39: 8. Documentation (after development) | B39: Finalize frontend guide for the team (FRONTEND.md) | C39: 46266 | E39: =IF(OR(C39="",D39=""),"",NETWORKDAYS(C39,D39)) | F39: Not Started | G39: =IF(F39="Completed",1,IF(F39="In Progress",0.5,0)) | H39: =IF(C39="","",C39+MOD(5-WEEKDAY(C39,2),7)) | I39: Starts after development. End of August commitment covers development only — dates TBD.
A40: 8. Documentation (after development) | B40: Prepare short demo / walkthrough notes for stakeholders | C40: 46266 | E40: =IF(OR(C40="",D40=""),"",NETWORKDAYS(C40,D40)) | F40: Not Started | G40: =IF(F40="Completed",1,IF(F40="In Progress",0.5,0)) | H40: =IF(C40="","",C40+MOD(5-WEEKDAY(C40,2),7)) | I40: Starts after development. End of August commitment covers development only — dates TBD.
A41: 8. Documentation (after development) | B41: Handover checklist (how to run, deploy, and who owns what) | C41: 46266 | E41: =IF(OR(C41="",D41=""),"",NETWORKDAYS(C41,D41)) | F41: Not Started | G41: =IF(F41="Completed",1,IF(F41="In Progress",0.5,0)) | H41: =IF(C41="","",C41+MOD(5-WEEKDAY(C41,2),7)) | I41: Starts after development. End of August commitment covers development only — dates TBD.
A43: Commitment: frontend DEVELOPMENT finished by end of August (weekdays = NETWORKDAYS). Backend Integration has TBD end dates (teams work separately — fill dates when known). Testing and Documentation start after development (from Sep 2026); end dates TBD. No login page — portal cookies/session with backend.

Sheet How to use
A1: How to use this workbook
A3: August commitment
A4: Only frontend DEVELOPMENT is committed to finish by end of August.
A5: Testing and documentation come AFTER development (start ~1 Sep; end dates TBD).
A6: Backend Integration is listed with TBD dates — teams work separately for now.
A8: For leaders / managers
A9: 1. Dashboard — overall % and section progress (also see Development progress for sections 1–5).
A10: 2. Tentative Schedule — development phases through August; backend/testing/docs called out as TBD/after.
A11: 3. Progress Tracker — update Status here.
A13: For the development team
A14: 1. Change Status on Progress Tracker (dropdown).
A15: 2. For Backend Integration / Testing / Documentation: fill Start and End dates when known.
... A29: docs/FRONTEND.md
